{
  "std_pred": 1.3250202182777426,
  "mean_pred": 267.7307285591246
}